source_row,make,price,drive-wheels,aspiration
1,alfa-romero,13495.0,rwd,std
2,alfa-romero,16500.0,rwd,std
3,alfa-romero,16500.0,rwd,std
4,audi,13950.0,fwd,std
5,audi,17450.0,4wd,std
6,audi,15250.0,fwd,std
7,audi,17710.0,fwd,std
8,audi,18920.0,fwd,std
9,audi,23875.0,fwd,turbo
11,bmw,16430.0,rwd,std
12,bmw,16925.0,rwd,std
13,bmw,20970.0,rwd,std
14,bmw,21105.0,rwd,std
15,bmw,24565.0,rwd,std
16,bmw,30760.0,rwd,std
17,bmw,41315.0,rwd,std
18,bmw,36880.0,rwd,std
19,chevrolet,5151.0,fwd,std
20,chevrolet,6295.0,fwd,std
21,chevrolet,6575.0,fwd,std
22,dodge,5572.0,fwd,std
23,dodge,6377.0,fwd,std
24,dodge,7957.0,fwd,turbo
25,dodge,6229.0,fwd,std
26,dodge,6692.0,fwd,std
27,dodge,7609.0,fwd,std
28,dodge,8558.0,fwd,turbo
29,dodge,8921.0,fwd,std
30,dodge,12964.0,fwd,turbo
31,honda,6479.0,fwd,std
32,honda,6855.0,fwd,std
33,honda,5399.0,fwd,std
34,honda,6529.0,fwd,std
35,honda,7129.0,fwd,std
36,honda,7295.0,fwd,std
37,honda,7295.0,fwd,std
38,honda,7895.0,fwd,std
39,honda,9095.0,fwd,std
40,honda,8845.0,fwd,std
41,honda,10295.0,fwd,std
42,honda,12945.0,fwd,std
43,honda,10345.0,fwd,std
44,isuzu,6785.0,rwd,std
47,isuzu,11048.0,rwd,std
48,jaguar,32250.0,rwd,std
49,jaguar,35550.0,rwd,std
50,jaguar,36000.0,rwd,std
51,mazda,5195.0,fwd,std
52,mazda,6095.0,fwd,std
53,mazda,6795.0,fwd,std
54,mazda,6695.0,fwd,std
55,mazda,7395.0,fwd,std
56,mazda,10945.0,rwd,std
57,mazda,11845.0,rwd,std
58,mazda,13645.0,rwd,std
59,mazda,15645.0,rwd,std
60,mazda,8845.0,fwd,std
61,mazda,8495.0,fwd,std
62,mazda,10595.0,fwd,std
63,mazda,10245.0,fwd,std
64,mazda,10795.0,fwd,std
65,mazda,11245.0,fwd,std
66,mazda,18280.0,rwd,std
67,mazda,18344.0,rwd,std
68,mercedes-benz,25552.0,rwd,turbo
69,mercedes-benz,28248.0,rwd,turbo
70,mercedes-benz,28176.0,rwd,turbo
71,mercedes-benz,31600.0,rwd,turbo
72,mercedes-benz,34184.0,rwd,std
73,mercedes-benz,35056.0,rwd,std
74,mercedes-benz,40960.0,rwd,std
75,mercedes-benz,45400.0,rwd,std
76,mercury,16503.0,rwd,turbo
77,mitsubishi,5389.0,fwd,std
78,mitsubishi,6189.0,fwd,std
79,mitsubishi,6669.0,fwd,std
80,mitsubishi,7689.0,fwd,turbo
81,mitsubishi,9959.0,fwd,turbo
82,mitsubishi,8499.0,fwd,std
83,mitsubishi,12629.0,fwd,turbo
84,mitsubishi,14869.0,fwd,turbo
85,mitsubishi,14489.0,fwd,turbo
86,mitsubishi,6989.0,fwd,std
87,mitsubishi,8189.0,fwd,std
88,mitsubishi,9279.0,fwd,turbo
89,mitsubishi,9279.0,fwd,std
90,nissan,5499.0,fwd,std
91,nissan,7099.0,fwd,std
92,nissan,6649.0,fwd,std
93,nissan,6849.0,fwd,std
94,nissan,7349.0,fwd,std
95,nissan,7299.0,fwd,std
96,nissan,7799.0,fwd,std
97,nissan,7499.0,fwd,std
98,nissan,7999.0,fwd,std
99,nissan,8249.0,fwd,std
100,nissan,8949.0,fwd,std
101,nissan,9549.0,fwd,std
102,nissan,13499.0,fwd,std
103,nissan,14399.0,fwd,std
104,nissan,13499.0,fwd,std
105,nissan,17199.0,rwd,std
106,nissan,19699.0,rwd,turbo
107,nissan,18399.0,rwd,std
108,peugot,11900.0,rwd,std
109,peugot,13200.0,rwd,turbo
110,peugot,12440.0,rwd,std
111,peugot,13860.0,rwd,turbo
112,peugot,15580.0,rwd,std
113,peugot,16900.0,rwd,turbo
114,peugot,16695.0,rwd,std
115,peugot,17075.0,rwd,turbo
116,peugot,16630.0,rwd,std
117,peugot,17950.0,rwd,turbo
118,peugot,18150.0,rwd,turbo
119,plymouth,5572.0,fwd,std
120,plymouth,7957.0,fwd,turbo
121,plymouth,6229.0,fwd,std
122,plymouth,6692.0,fwd,std
123,plymouth,7609.0,fwd,std
124,plymouth,8921.0,fwd,std
125,plymouth,12764.0,rwd,turbo
126,porsche,22018.0,rwd,std
127,porsche,32528.0,rwd,std
128,porsche,34028.0,rwd,std
129,porsche,37028.0,rwd,std
131,renault,9295.0,fwd,std
132,renault,9895.0,fwd,std
133,saab,11850.0,fwd,std
134,saab,12170.0,fwd,std
135,saab,15040.0,fwd,std
136,saab,15510.0,fwd,std
137,saab,18150.0,fwd,turbo
138,saab,18620.0,fwd,turbo
139,subaru,5118.0,fwd,std
140,subaru,7053.0,fwd,std
141,subaru,7603.0,4wd,std
142,subaru,7126.0,fwd,std
143,subaru,7775.0,fwd,std
144,subaru,9960.0,fwd,std
145,subaru,9233.0,4wd,std
146,subaru,11259.0,4wd,turbo
147,subaru,7463.0,fwd,std
148,subaru,10198.0,fwd,std
149,subaru,8013.0,4wd,std
150,subaru,11694.0,4wd,turbo
151,toyota,5348.0,fwd,std
152,toyota,6338.0,fwd,std
153,toyota,6488.0,fwd,std
154,toyota,6918.0,fwd,std
155,toyota,7898.0,4wd,std
156,toyota,8778.0,4wd,std
157,toyota,6938.0,fwd,std
158,toyota,7198.0,fwd,std
159,toyota,7898.0,fwd,std
160,toyota,7788.0,fwd,std
161,toyota,7738.0,fwd,std
162,toyota,8358.0,fwd,std
163,toyota,9258.0,fwd,std
164,toyota,8058.0,rwd,std
165,toyota,8238.0,rwd,std
166,toyota,9298.0,rwd,std
167,toyota,9538.0,rwd,std
168,toyota,8449.0,rwd,std
169,toyota,9639.0,rwd,std
170,toyota,9989.0,rwd,std
171,toyota,11199.0,rwd,std
172,toyota,11549.0,rwd,std
173,toyota,17669.0,rwd,std
174,toyota,8948.0,fwd,std
175,toyota,10698.0,fwd,turbo
176,toyota,9988.0,fwd,std
177,toyota,10898.0,fwd,std
178,toyota,11248.0,fwd,std
179,toyota,16558.0,rwd,std
180,toyota,15998.0,rwd,std
181,toyota,15690.0,rwd,std
182,toyota,15750.0,rwd,std
183,volkswagen,7775.0,fwd,std
184,volkswagen,7975.0,fwd,std
185,volkswagen,7995.0,fwd,std
186,volkswagen,8195.0,fwd,std
187,volkswagen,8495.0,fwd,std
188,volkswagen,9495.0,fwd,turbo
189,volkswagen,9995.0,fwd,std
190,volkswagen,11595.0,fwd,std
191,volkswagen,9980.0,fwd,std
192,volkswagen,13295.0,fwd,std
193,volkswagen,13845.0,fwd,turbo
194,volkswagen,12290.0,fwd,std
195,volvo,12940.0,rwd,std
196,volvo,13415.0,rwd,std
197,volvo,15985.0,rwd,std
198,volvo,16515.0,rwd,std
199,volvo,18420.0,rwd,turbo
200,volvo,18950.0,rwd,turbo
201,volvo,16845.0,rwd,std
202,volvo,19045.0,rwd,turbo
203,volvo,21485.0,rwd,std
204,volvo,22470.0,rwd,turbo
205,volvo,22625.0,rwd,turbo
