group,n,k,h,bin,left,right,count,right_inclusive
all,201,9,4475.777777777777,1,5118.0,9593.777777777777,90,False
all,201,9,4475.777777777777,2,9593.777777777777,14069.555555555555,46,False
all,201,9,4475.777777777777,3,14069.555555555555,18545.333333333332,35,False
all,201,9,4475.777777777777,4,18545.333333333332,23021.11111111111,11,False
all,201,9,4475.777777777777,5,23021.11111111111,27496.888888888887,3,False
all,201,9,4475.777777777777,6,27496.888888888887,31972.666666666664,4,False
all,201,9,4475.777777777777,7,31972.666666666664,36448.44444444444,7,False
all,201,9,4475.777777777777,8,36448.44444444444,40924.22222222222,2,False
all,201,9,4475.777777777777,9,40924.22222222222,45400.0,3,True
4wd,8,4,2461.75,1,7603.0,10064.75,5,False
4wd,8,4,2461.75,2,10064.75,12526.5,2,False
4wd,8,4,2461.75,3,12526.5,14988.25,0,False
4wd,8,4,2461.75,4,14988.25,17450.0,1,True
fwd,118,8,2344.625,1,5118.0,7462.625,41,False
fwd,118,8,2344.625,2,7462.625,9807.25,38,False
fwd,118,8,2344.625,3,9807.25,12151.875,18,False
fwd,118,8,2344.625,4,12151.875,14496.5,12,False
fwd,118,8,2344.625,5,14496.5,16841.125,4,False
fwd,118,8,2344.625,6,16841.125,19185.75,4,False
fwd,118,8,2344.625,7,19185.75,21530.375,0,False
fwd,118,8,2344.625,8,21530.375,23875.0,1,True
rwd,75,8,4826.875,1,6785.0,11611.875,12,False
rwd,75,8,4826.875,2,11611.875,16438.75,17,False
rwd,75,8,4826.875,3,16438.75,21265.625,24,False
rwd,75,8,4826.875,4,21265.625,26092.5,6,False
rwd,75,8,4826.875,5,26092.5,30919.375,3,False
rwd,75,8,4826.875,6,30919.375,35746.25,7,False
rwd,75,8,4826.875,7,35746.25,40573.125,3,False
rwd,75,8,4826.875,8,40573.125,45400.0,3,True
