4wd,fwd,rwd
17450.0,13950.0,13495.0
7603.0,15250.0,16500.0
9233.0,17710.0,16500.0
11259.0,18920.0,16430.0
8013.0,23875.0,16925.0
11694.0,5151.0,20970.0
7898.0,6295.0,21105.0
8778.0,6575.0,24565.0
,5572.0,30760.0
,6377.0,41315.0
,7957.0,36880.0
,6229.0,6785.0
,6692.0,11048.0
,7609.0,32250.0
,8558.0,35550.0
,8921.0,36000.0
,12964.0,10945.0
,6479.0,11845.0
,6855.0,13645.0
,5399.0,15645.0
,6529.0,18280.0
,7129.0,18344.0
,7295.0,25552.0
,7295.0,28248.0
,7895.0,28176.0
,9095.0,31600.0
,8845.0,34184.0
,10295.0,35056.0
,12945.0,40960.0
,10345.0,45400.0
,5195.0,16503.0
,6095.0,17199.0
,6795.0,19699.0
,6695.0,18399.0
,7395.0,11900.0
,8845.0,13200.0
,8495.0,12440.0
,10595.0,13860.0
,10245.0,15580.0
,10795.0,16900.0
,11245.0,16695.0
,5389.0,17075.0
,6189.0,16630.0
,6669.0,17950.0
,7689.0,18150.0
,9959.0,12764.0
,8499.0,22018.0
,12629.0,32528.0
,14869.0,34028.0
,14489.0,37028.0
,6989.0,8058.0
,8189.0,8238.0
,9279.0,9298.0
,9279.0,9538.0
,5499.0,8449.0
,7099.0,9639.0
,6649.0,9989.0
,6849.0,11199.0
,7349.0,11549.0
,7299.0,17669.0
,7799.0,16558.0
,7499.0,15998.0
,7999.0,15690.0
,8249.0,15750.0
,8949.0,12940.0
,9549.0,13415.0
,13499.0,15985.0
,14399.0,16515.0
,13499.0,18420.0
,5572.0,18950.0
,7957.0,16845.0
,6229.0,19045.0
,6692.0,21485.0
,7609.0,22470.0
,8921.0,22625.0
,9295.0,
,9895.0,
,11850.0,
,12170.0,
,15040.0,
,15510.0,
,18150.0,
,18620.0,
,5118.0,
,7053.0,
,7126.0,
,7775.0,
,9960.0,
,7463.0,
,10198.0,
,5348.0,
,6338.0,
,6488.0,
,6918.0,
,6938.0,
,7198.0,
,7898.0,
,7788.0,
,7738.0,
,8358.0,
,9258.0,
,8948.0,
,10698.0,
,9988.0,
,10898.0,
,11248.0,
,7775.0,
,7975.0,
,7995.0,
,8195.0,
,8495.0,
,9495.0,
,9995.0,
,11595.0,
,9980.0,
,13295.0,
,13845.0,
,12290.0,
