source_row,make,price,drive-wheels,aspiration,price_rank
1,alfa-romero,13495.0,rwd,std,130.0
2,alfa-romero,16500.0,rwd,std,150.5
3,alfa-romero,16500.0,rwd,std,150.5
4,audi,13950.0,fwd,std,136.0
5,audi,17450.0,4wd,std,162.0
6,audi,15250.0,fwd,std,141.0
7,audi,17710.0,fwd,std,164.0
8,audi,18920.0,fwd,std,173.0
9,audi,23875.0,fwd,turbo,183.0
11,bmw,16430.0,rwd,std,149.0
12,bmw,16925.0,rwd,std,159.0
13,bmw,20970.0,rwd,std,177.0
14,bmw,21105.0,rwd,std,178.0
15,bmw,24565.0,rwd,std,184.0
16,bmw,30760.0,rwd,std,188.0
17,bmw,41315.0,rwd,std,200.0
18,bmw,36880.0,rwd,std,197.0
19,chevrolet,5151.0,fwd,std,2.0
20,chevrolet,6295.0,fwd,std,14.0
21,chevrolet,6575.0,fwd,std,20.0
22,dodge,5572.0,fwd,std,8.5
23,dodge,6377.0,fwd,std,16.0
24,dodge,7957.0,fwd,turbo,57.5
25,dodge,6229.0,fwd,std,12.5
26,dodge,6692.0,fwd,std,23.5
27,dodge,7609.0,fwd,std,46.5
28,dodge,8558.0,fwd,turbo,73.0
29,dodge,8921.0,fwd,std,77.5
30,dodge,12964.0,fwd,turbo,126.0
31,honda,6479.0,fwd,std,17.0
32,honda,6855.0,fwd,std,29.0
33,honda,5399.0,fwd,std,6.0
34,honda,6529.0,fwd,std,19.0
35,honda,7129.0,fwd,std,36.0
36,honda,7295.0,fwd,std,38.5
37,honda,7295.0,fwd,std,38.5
38,honda,7895.0,fwd,std,54.0
39,honda,9095.0,fwd,std,81.0
40,honda,8845.0,fwd,std,75.5
41,honda,10295.0,fwd,std,101.0
42,honda,12945.0,fwd,std,125.0
43,honda,10345.0,fwd,std,102.0
44,isuzu,6785.0,rwd,std,26.0
47,isuzu,11048.0,rwd,std,108.0
48,jaguar,32250.0,rwd,std,190.0
49,jaguar,35550.0,rwd,std,195.0
50,jaguar,36000.0,rwd,std,196.0
51,mazda,5195.0,fwd,std,3.0
52,mazda,6095.0,fwd,std,10.0
53,mazda,6795.0,fwd,std,27.0
54,mazda,6695.0,fwd,std,25.0
55,mazda,7395.0,fwd,std,42.0
56,mazda,10945.0,rwd,std,107.0
57,mazda,11845.0,rwd,std,116.0
58,mazda,13645.0,rwd,std,133.0
59,mazda,15645.0,rwd,std,144.0
60,mazda,8845.0,fwd,std,75.5
61,mazda,8495.0,fwd,std,70.5
62,mazda,10595.0,fwd,std,103.0
63,mazda,10245.0,fwd,std,100.0
64,mazda,10795.0,fwd,std,105.0
65,mazda,11245.0,fwd,std,110.0
66,mazda,18280.0,rwd,std,168.0
67,mazda,18344.0,rwd,std,169.0
68,mercedes-benz,25552.0,rwd,turbo,185.0
69,mercedes-benz,28248.0,rwd,turbo,187.0
70,mercedes-benz,28176.0,rwd,turbo,186.0
71,mercedes-benz,31600.0,rwd,turbo,189.0
72,mercedes-benz,34184.0,rwd,std,193.0
73,mercedes-benz,35056.0,rwd,std,194.0
74,mercedes-benz,40960.0,rwd,std,199.0
75,mercedes-benz,45400.0,rwd,std,201.0
76,mercury,16503.0,rwd,turbo,152.0
77,mitsubishi,5389.0,fwd,std,5.0
78,mitsubishi,6189.0,fwd,std,11.0
79,mitsubishi,6669.0,fwd,std,22.0
80,mitsubishi,7689.0,fwd,turbo,48.0
81,mitsubishi,9959.0,fwd,turbo,93.0
82,mitsubishi,8499.0,fwd,std,72.0
83,mitsubishi,12629.0,fwd,turbo,122.0
84,mitsubishi,14869.0,fwd,turbo,139.0
85,mitsubishi,14489.0,fwd,turbo,138.0
86,mitsubishi,6989.0,fwd,std,32.0
87,mitsubishi,8189.0,fwd,std,64.0
88,mitsubishi,9279.0,fwd,turbo,84.5
89,mitsubishi,9279.0,fwd,std,84.5
90,nissan,5499.0,fwd,std,7.0
91,nissan,7099.0,fwd,std,34.0
92,nissan,6649.0,fwd,std,21.0
93,nissan,6849.0,fwd,std,28.0
94,nissan,7349.0,fwd,std,41.0
95,nissan,7299.0,fwd,std,40.0
96,nissan,7799.0,fwd,std,53.0
97,nissan,7499.0,fwd,std,44.0
98,nissan,7999.0,fwd,std,61.0
99,nissan,8249.0,fwd,std,67.0
100,nissan,8949.0,fwd,std,80.0
101,nissan,9549.0,fwd,std,90.0
102,nissan,13499.0,fwd,std,131.5
103,nissan,14399.0,fwd,std,137.0
104,nissan,13499.0,fwd,std,131.5
105,nissan,17199.0,rwd,std,161.0
106,nissan,19699.0,rwd,turbo,176.0
107,nissan,18399.0,rwd,std,170.0
108,peugot,11900.0,rwd,std,118.0
109,peugot,13200.0,rwd,turbo,127.0
110,peugot,12440.0,rwd,std,121.0
111,peugot,13860.0,rwd,turbo,135.0
112,peugot,15580.0,rwd,std,143.0
113,peugot,16900.0,rwd,turbo,158.0
114,peugot,16695.0,rwd,std,156.0
115,peugot,17075.0,rwd,turbo,160.0
116,peugot,16630.0,rwd,std,155.0
117,peugot,17950.0,rwd,turbo,165.0
118,peugot,18150.0,rwd,turbo,166.5
119,plymouth,5572.0,fwd,std,8.5
120,plymouth,7957.0,fwd,turbo,57.5
121,plymouth,6229.0,fwd,std,12.5
122,plymouth,6692.0,fwd,std,23.5
123,plymouth,7609.0,fwd,std,46.5
124,plymouth,8921.0,fwd,std,77.5
125,plymouth,12764.0,rwd,turbo,123.0
126,porsche,22018.0,rwd,std,180.0
127,porsche,32528.0,rwd,std,191.0
128,porsche,34028.0,rwd,std,192.0
129,porsche,37028.0,rwd,std,198.0
131,renault,9295.0,fwd,std,86.0
132,renault,9895.0,fwd,std,92.0
133,saab,11850.0,fwd,std,117.0
134,saab,12170.0,fwd,std,119.0
135,saab,15040.0,fwd,std,140.0
136,saab,15510.0,fwd,std,142.0
137,saab,18150.0,fwd,turbo,166.5
138,saab,18620.0,fwd,turbo,172.0
139,subaru,5118.0,fwd,std,1.0
140,subaru,7053.0,fwd,std,33.0
141,subaru,7603.0,4wd,std,45.0
142,subaru,7126.0,fwd,std,35.0
143,subaru,7775.0,fwd,std,50.5
144,subaru,9960.0,fwd,std,94.0
145,subaru,9233.0,4wd,std,82.0
146,subaru,11259.0,4wd,turbo,112.0
147,subaru,7463.0,fwd,std,43.0
148,subaru,10198.0,fwd,std,99.0
149,subaru,8013.0,4wd,std,62.0
150,subaru,11694.0,4wd,turbo,115.0
151,toyota,5348.0,fwd,std,4.0
152,toyota,6338.0,fwd,std,15.0
153,toyota,6488.0,fwd,std,18.0
154,toyota,6918.0,fwd,std,30.0
155,toyota,7898.0,4wd,std,55.5
156,toyota,8778.0,4wd,std,74.0
157,toyota,6938.0,fwd,std,31.0
158,toyota,7198.0,fwd,std,37.0
159,toyota,7898.0,fwd,std,55.5
160,toyota,7788.0,fwd,std,52.0
161,toyota,7738.0,fwd,std,49.0
162,toyota,8358.0,fwd,std,68.0
163,toyota,9258.0,fwd,std,83.0
164,toyota,8058.0,rwd,std,63.0
165,toyota,8238.0,rwd,std,66.0
166,toyota,9298.0,rwd,std,87.0
167,toyota,9538.0,rwd,std,89.0
168,toyota,8449.0,rwd,std,69.0
169,toyota,9639.0,rwd,std,91.0
170,toyota,9989.0,rwd,std,97.0
171,toyota,11199.0,rwd,std,109.0
172,toyota,11549.0,rwd,std,113.0
173,toyota,17669.0,rwd,std,163.0
174,toyota,8948.0,fwd,std,79.0
175,toyota,10698.0,fwd,turbo,104.0
176,toyota,9988.0,fwd,std,96.0
177,toyota,10898.0,fwd,std,106.0
178,toyota,11248.0,fwd,std,111.0
179,toyota,16558.0,rwd,std,154.0
180,toyota,15998.0,rwd,std,148.0
181,toyota,15690.0,rwd,std,145.0
182,toyota,15750.0,rwd,std,146.0
183,volkswagen,7775.0,fwd,std,50.5
184,volkswagen,7975.0,fwd,std,59.0
185,volkswagen,7995.0,fwd,std,60.0
186,volkswagen,8195.0,fwd,std,65.0
187,volkswagen,8495.0,fwd,std,70.5
188,volkswagen,9495.0,fwd,turbo,88.0
189,volkswagen,9995.0,fwd,std,98.0
190,volkswagen,11595.0,fwd,std,114.0
191,volkswagen,9980.0,fwd,std,95.0
192,volkswagen,13295.0,fwd,std,128.0
193,volkswagen,13845.0,fwd,turbo,134.0
194,volkswagen,12290.0,fwd,std,120.0
195,volvo,12940.0,rwd,std,124.0
196,volvo,13415.0,rwd,std,129.0
197,volvo,15985.0,rwd,std,147.0
198,volvo,16515.0,rwd,std,153.0
199,volvo,18420.0,rwd,turbo,171.0
200,volvo,18950.0,rwd,turbo,174.0
201,volvo,16845.0,rwd,std,157.0
202,volvo,19045.0,rwd,turbo,175.0
203,volvo,21485.0,rwd,std,179.0
204,volvo,22470.0,rwd,turbo,181.0
205,volvo,22625.0,rwd,turbo,182.0
