source_row,make,price,drive-wheels,aspiration,fitted,residual
1,alfa-romero,13495.0,rwd,std,19660.245614035095,-6165.245614035095
2,alfa-romero,16500.0,rwd,std,19660.245614035095,-3160.245614035095
3,alfa-romero,16500.0,rwd,std,19660.245614035095,-3160.245614035095
4,audi,13950.0,fwd,std,8724.029411764712,5225.970588235288
5,audi,17450.0,4wd,std,9829.166666666666,7620.833333333334
6,audi,15250.0,fwd,std,8724.029411764712,6525.970588235288
7,audi,17710.0,fwd,std,8724.029411764712,8985.970588235288
8,audi,18920.0,fwd,std,8724.029411764712,10195.970588235288
9,audi,23875.0,fwd,turbo,12564.562500000016,11310.437499999984
11,bmw,16430.0,rwd,std,19660.245614035095,-3230.245614035095
12,bmw,16925.0,rwd,std,19660.245614035095,-2735.245614035095
13,bmw,20970.0,rwd,std,19660.245614035095,1309.754385964905
14,bmw,21105.0,rwd,std,19660.245614035095,1444.754385964905
15,bmw,24565.0,rwd,std,19660.245614035095,4904.754385964905
16,bmw,30760.0,rwd,std,19660.245614035095,11099.754385964905
17,bmw,41315.0,rwd,std,19660.245614035095,21654.754385964905
18,bmw,36880.0,rwd,std,19660.245614035095,17219.754385964905
19,chevrolet,5151.0,fwd,std,8724.029411764712,-3573.0294117647118
20,chevrolet,6295.0,fwd,std,8724.029411764712,-2429.0294117647118
21,chevrolet,6575.0,fwd,std,8724.029411764712,-2149.0294117647118
22,dodge,5572.0,fwd,std,8724.029411764712,-3152.0294117647118
23,dodge,6377.0,fwd,std,8724.029411764712,-2347.0294117647118
24,dodge,7957.0,fwd,turbo,12564.562500000016,-4607.562500000016
25,dodge,6229.0,fwd,std,8724.029411764712,-2495.0294117647118
26,dodge,6692.0,fwd,std,8724.029411764712,-2032.0294117647118
27,dodge,7609.0,fwd,std,8724.029411764712,-1115.0294117647118
28,dodge,8558.0,fwd,turbo,12564.562500000016,-4006.5625000000164
29,dodge,8921.0,fwd,std,8724.029411764712,196.97058823528823
30,dodge,12964.0,fwd,turbo,12564.562500000016,399.43749999998363
31,honda,6479.0,fwd,std,8724.029411764712,-2245.0294117647118
32,honda,6855.0,fwd,std,8724.029411764712,-1869.0294117647118
33,honda,5399.0,fwd,std,8724.029411764712,-3325.0294117647118
34,honda,6529.0,fwd,std,8724.029411764712,-2195.0294117647118
35,honda,7129.0,fwd,std,8724.029411764712,-1595.0294117647118
36,honda,7295.0,fwd,std,8724.029411764712,-1429.0294117647118
37,honda,7295.0,fwd,std,8724.029411764712,-1429.0294117647118
38,honda,7895.0,fwd,std,8724.029411764712,-829.0294117647118
39,honda,9095.0,fwd,std,8724.029411764712,370.97058823528823
40,honda,8845.0,fwd,std,8724.029411764712,120.97058823528823
41,honda,10295.0,fwd,std,8724.029411764712,1570.9705882352882
42,honda,12945.0,fwd,std,8724.029411764712,4220.970588235288
43,honda,10345.0,fwd,std,8724.029411764712,1620.9705882352882
44,isuzu,6785.0,rwd,std,19660.245614035095,-12875.245614035095
47,isuzu,11048.0,rwd,std,19660.245614035095,-8612.245614035095
48,jaguar,32250.0,rwd,std,19660.245614035095,12589.754385964905
49,jaguar,35550.0,rwd,std,19660.245614035095,15889.754385964905
50,jaguar,36000.0,rwd,std,19660.245614035095,16339.754385964905
51,mazda,5195.0,fwd,std,8724.029411764712,-3529.0294117647118
52,mazda,6095.0,fwd,std,8724.029411764712,-2629.0294117647118
53,mazda,6795.0,fwd,std,8724.029411764712,-1929.0294117647118
54,mazda,6695.0,fwd,std,8724.029411764712,-2029.0294117647118
55,mazda,7395.0,fwd,std,8724.029411764712,-1329.0294117647118
56,mazda,10945.0,rwd,std,19660.245614035095,-8715.245614035095
57,mazda,11845.0,rwd,std,19660.245614035095,-7815.245614035095
58,mazda,13645.0,rwd,std,19660.245614035095,-6015.245614035095
59,mazda,15645.0,rwd,std,19660.245614035095,-4015.245614035095
60,mazda,8845.0,fwd,std,8724.029411764712,120.97058823528823
61,mazda,8495.0,fwd,std,8724.029411764712,-229.02941176471177
62,mazda,10595.0,fwd,std,8724.029411764712,1870.9705882352882
63,mazda,10245.0,fwd,std,8724.029411764712,1520.9705882352882
64,mazda,10795.0,fwd,std,8724.029411764712,2070.9705882352882
65,mazda,11245.0,fwd,std,8724.029411764712,2520.9705882352882
66,mazda,18280.0,rwd,std,19660.245614035095,-1380.245614035095
67,mazda,18344.0,rwd,std,19660.245614035095,-1316.245614035095
68,mercedes-benz,25552.0,rwd,turbo,20065.944444444474,5486.055555555526
69,mercedes-benz,28248.0,rwd,turbo,20065.944444444474,8182.055555555526
70,mercedes-benz,28176.0,rwd,turbo,20065.944444444474,8110.055555555526
71,mercedes-benz,31600.0,rwd,turbo,20065.944444444474,11534.055555555526
72,mercedes-benz,34184.0,rwd,std,19660.245614035095,14523.754385964905
73,mercedes-benz,35056.0,rwd,std,19660.245614035095,15395.754385964905
74,mercedes-benz,40960.0,rwd,std,19660.245614035095,21299.754385964905
75,mercedes-benz,45400.0,rwd,std,19660.245614035095,25739.754385964905
76,mercury,16503.0,rwd,turbo,20065.944444444474,-3562.9444444444744
77,mitsubishi,5389.0,fwd,std,8724.029411764712,-3335.0294117647118
78,mitsubishi,6189.0,fwd,std,8724.029411764712,-2535.0294117647118
79,mitsubishi,6669.0,fwd,std,8724.029411764712,-2055.0294117647118
80,mitsubishi,7689.0,fwd,turbo,12564.562500000016,-4875.562500000016
81,mitsubishi,9959.0,fwd,turbo,12564.562500000016,-2605.5625000000164
82,mitsubishi,8499.0,fwd,std,8724.029411764712,-225.02941176471177
83,mitsubishi,12629.0,fwd,turbo,12564.562500000016,64.43749999998363
84,mitsubishi,14869.0,fwd,turbo,12564.562500000016,2304.4374999999836
85,mitsubishi,14489.0,fwd,turbo,12564.562500000016,1924.4374999999836
86,mitsubishi,6989.0,fwd,std,8724.029411764712,-1735.0294117647118
87,mitsubishi,8189.0,fwd,std,8724.029411764712,-535.0294117647118
88,mitsubishi,9279.0,fwd,turbo,12564.562500000016,-3285.5625000000164
89,mitsubishi,9279.0,fwd,std,8724.029411764712,554.9705882352882
90,nissan,5499.0,fwd,std,8724.029411764712,-3225.0294117647118
91,nissan,7099.0,fwd,std,8724.029411764712,-1625.0294117647118
92,nissan,6649.0,fwd,std,8724.029411764712,-2075.0294117647118
93,nissan,6849.0,fwd,std,8724.029411764712,-1875.0294117647118
94,nissan,7349.0,fwd,std,8724.029411764712,-1375.0294117647118
95,nissan,7299.0,fwd,std,8724.029411764712,-1425.0294117647118
96,nissan,7799.0,fwd,std,8724.029411764712,-925.0294117647118
97,nissan,7499.0,fwd,std,8724.029411764712,-1225.0294117647118
98,nissan,7999.0,fwd,std,8724.029411764712,-725.0294117647118
99,nissan,8249.0,fwd,std,8724.029411764712,-475.02941176471177
100,nissan,8949.0,fwd,std,8724.029411764712,224.97058823528823
101,nissan,9549.0,fwd,std,8724.029411764712,824.9705882352882
102,nissan,13499.0,fwd,std,8724.029411764712,4774.970588235288
103,nissan,14399.0,fwd,std,8724.029411764712,5674.970588235288
104,nissan,13499.0,fwd,std,8724.029411764712,4774.970588235288
105,nissan,17199.0,rwd,std,19660.245614035095,-2461.245614035095
106,nissan,19699.0,rwd,turbo,20065.944444444474,-366.94444444447436
107,nissan,18399.0,rwd,std,19660.245614035095,-1261.245614035095
108,peugot,11900.0,rwd,std,19660.245614035095,-7760.245614035095
109,peugot,13200.0,rwd,turbo,20065.944444444474,-6865.944444444474
110,peugot,12440.0,rwd,std,19660.245614035095,-7220.245614035095
111,peugot,13860.0,rwd,turbo,20065.944444444474,-6205.944444444474
112,peugot,15580.0,rwd,std,19660.245614035095,-4080.245614035095
113,peugot,16900.0,rwd,turbo,20065.944444444474,-3165.9444444444744
114,peugot,16695.0,rwd,std,19660.245614035095,-2965.245614035095
115,peugot,17075.0,rwd,turbo,20065.944444444474,-2990.9444444444744
116,peugot,16630.0,rwd,std,19660.245614035095,-3030.245614035095
117,peugot,17950.0,rwd,turbo,20065.944444444474,-2115.9444444444744
118,peugot,18150.0,rwd,turbo,20065.944444444474,-1915.9444444444744
119,plymouth,5572.0,fwd,std,8724.029411764712,-3152.0294117647118
120,plymouth,7957.0,fwd,turbo,12564.562500000016,-4607.562500000016
121,plymouth,6229.0,fwd,std,8724.029411764712,-2495.0294117647118
122,plymouth,6692.0,fwd,std,8724.029411764712,-2032.0294117647118
123,plymouth,7609.0,fwd,std,8724.029411764712,-1115.0294117647118
124,plymouth,8921.0,fwd,std,8724.029411764712,196.97058823528823
125,plymouth,12764.0,rwd,turbo,20065.944444444474,-7301.944444444474
126,porsche,22018.0,rwd,std,19660.245614035095,2357.754385964905
127,porsche,32528.0,rwd,std,19660.245614035095,12867.754385964905
128,porsche,34028.0,rwd,std,19660.245614035095,14367.754385964905
129,porsche,37028.0,rwd,std,19660.245614035095,17367.754385964905
131,renault,9295.0,fwd,std,8724.029411764712,570.9705882352882
132,renault,9895.0,fwd,std,8724.029411764712,1170.9705882352882
133,saab,11850.0,fwd,std,8724.029411764712,3125.9705882352882
134,saab,12170.0,fwd,std,8724.029411764712,3445.9705882352882
135,saab,15040.0,fwd,std,8724.029411764712,6315.970588235288
136,saab,15510.0,fwd,std,8724.029411764712,6785.970588235288
137,saab,18150.0,fwd,turbo,12564.562500000016,5585.437499999984
138,saab,18620.0,fwd,turbo,12564.562500000016,6055.437499999984
139,subaru,5118.0,fwd,std,8724.029411764712,-3606.0294117647118
140,subaru,7053.0,fwd,std,8724.029411764712,-1671.0294117647118
141,subaru,7603.0,4wd,std,9829.166666666666,-2226.166666666666
142,subaru,7126.0,fwd,std,8724.029411764712,-1598.0294117647118
143,subaru,7775.0,fwd,std,8724.029411764712,-949.0294117647118
144,subaru,9960.0,fwd,std,8724.029411764712,1235.9705882352882
145,subaru,9233.0,4wd,std,9829.166666666666,-596.1666666666661
146,subaru,11259.0,4wd,turbo,11476.49999999999,-217.4999999999909
147,subaru,7463.0,fwd,std,8724.029411764712,-1261.0294117647118
148,subaru,10198.0,fwd,std,8724.029411764712,1473.9705882352882
149,subaru,8013.0,4wd,std,9829.166666666666,-1816.166666666666
150,subaru,11694.0,4wd,turbo,11476.49999999999,217.5000000000091
151,toyota,5348.0,fwd,std,8724.029411764712,-3376.0294117647118
152,toyota,6338.0,fwd,std,8724.029411764712,-2386.0294117647118
153,toyota,6488.0,fwd,std,8724.029411764712,-2236.0294117647118
154,toyota,6918.0,fwd,std,8724.029411764712,-1806.0294117647118
155,toyota,7898.0,4wd,std,9829.166666666666,-1931.166666666666
156,toyota,8778.0,4wd,std,9829.166666666666,-1051.166666666666
157,toyota,6938.0,fwd,std,8724.029411764712,-1786.0294117647118
158,toyota,7198.0,fwd,std,8724.029411764712,-1526.0294117647118
159,toyota,7898.0,fwd,std,8724.029411764712,-826.0294117647118
160,toyota,7788.0,fwd,std,8724.029411764712,-936.0294117647118
161,toyota,7738.0,fwd,std,8724.029411764712,-986.0294117647118
162,toyota,8358.0,fwd,std,8724.029411764712,-366.02941176471177
163,toyota,9258.0,fwd,std,8724.029411764712,533.9705882352882
164,toyota,8058.0,rwd,std,19660.245614035095,-11602.245614035095
165,toyota,8238.0,rwd,std,19660.245614035095,-11422.245614035095
166,toyota,9298.0,rwd,std,19660.245614035095,-10362.245614035095
167,toyota,9538.0,rwd,std,19660.245614035095,-10122.245614035095
168,toyota,8449.0,rwd,std,19660.245614035095,-11211.245614035095
169,toyota,9639.0,rwd,std,19660.245614035095,-10021.245614035095
170,toyota,9989.0,rwd,std,19660.245614035095,-9671.245614035095
171,toyota,11199.0,rwd,std,19660.245614035095,-8461.245614035095
172,toyota,11549.0,rwd,std,19660.245614035095,-8111.245614035095
173,toyota,17669.0,rwd,std,19660.245614035095,-1991.245614035095
174,toyota,8948.0,fwd,std,8724.029411764712,223.97058823528823
175,toyota,10698.0,fwd,turbo,12564.562500000016,-1866.5625000000164
176,toyota,9988.0,fwd,std,8724.029411764712,1263.9705882352882
177,toyota,10898.0,fwd,std,8724.029411764712,2173.9705882352882
178,toyota,11248.0,fwd,std,8724.029411764712,2523.9705882352882
179,toyota,16558.0,rwd,std,19660.245614035095,-3102.245614035095
180,toyota,15998.0,rwd,std,19660.245614035095,-3662.245614035095
181,toyota,15690.0,rwd,std,19660.245614035095,-3970.245614035095
182,toyota,15750.0,rwd,std,19660.245614035095,-3910.245614035095
183,volkswagen,7775.0,fwd,std,8724.029411764712,-949.0294117647118
184,volkswagen,7975.0,fwd,std,8724.029411764712,-749.0294117647118
185,volkswagen,7995.0,fwd,std,8724.029411764712,-729.0294117647118
186,volkswagen,8195.0,fwd,std,8724.029411764712,-529.0294117647118
187,volkswagen,8495.0,fwd,std,8724.029411764712,-229.02941176471177
188,volkswagen,9495.0,fwd,turbo,12564.562500000016,-3069.5625000000164
189,volkswagen,9995.0,fwd,std,8724.029411764712,1270.9705882352882
190,volkswagen,11595.0,fwd,std,8724.029411764712,2870.9705882352882
191,volkswagen,9980.0,fwd,std,8724.029411764712,1255.9705882352882
192,volkswagen,13295.0,fwd,std,8724.029411764712,4570.970588235288
193,volkswagen,13845.0,fwd,turbo,12564.562500000016,1280.4374999999836
194,volkswagen,12290.0,fwd,std,8724.029411764712,3565.9705882352882
195,volvo,12940.0,rwd,std,19660.245614035095,-6720.245614035095
196,volvo,13415.0,rwd,std,19660.245614035095,-6245.245614035095
197,volvo,15985.0,rwd,std,19660.245614035095,-3675.245614035095
198,volvo,16515.0,rwd,std,19660.245614035095,-3145.245614035095
199,volvo,18420.0,rwd,turbo,20065.944444444474,-1645.9444444444744
200,volvo,18950.0,rwd,turbo,20065.944444444474,-1115.9444444444744
201,volvo,16845.0,rwd,std,19660.245614035095,-2815.245614035095
202,volvo,19045.0,rwd,turbo,20065.944444444474,-1020.9444444444744
203,volvo,21485.0,rwd,std,19660.245614035095,1824.754385964905
204,volvo,22470.0,rwd,turbo,20065.944444444474,2404.0555555555256
205,volvo,22625.0,rwd,turbo,20065.944444444478,2559.055555555522
